Title,Youtube Video ID
House Hippo Commercial,TijcoS8qHIE
Yop Commercial,n1GVuAEIBVM
Milk Rap,vwB4DbKWrhU
Lighthouse Bumper,R9a4HE66Zjk
Running Chu Bumber,Bd2jze4ivSs
YTV Vortex Bumber,ctR7Iqkz1D8
Kids Health Ad,2PU9T0KFJAg
Whats Your Thing,OX6qUFm1HsI
Dont Put It In Your Mouth,5AuLkMBAFZg
YTV Promo ReBoot,9wK8wPaU510
BodyBreak #27,Wg7Xu_wKjDQ
Stay Alert Stay Safe PSA,TIU0HwKUKzk
Marineland Commercial,5LLNnLQ_c8o
Ontario place TV commercial,iKUF9zM5dzg
Mouse Trap Commercial,_dJr2SdyLGk
Fruit by the Foot Commercial,F9VnElQVMPs
Walk Away,DKGdRHezwlw
We Are Girls,G0EkQv4BmUM
Big Fun Party Mix Commercial,adEgWDEVXB8
YTZ Zone,MbhE2dWQLuE
FurReal Friends Commercial,oevHJvHmsz8
Blown Away PSA,VSmJvCWlk2s
Big Fun Party Mix 4,_NazZN5flo4
Smart As You PSA,NgUGvZkQd0M
The Trap PSA,vuiPl4P1wyg
Doodles Episode 1,Jrb0hNit01s
YTV Zone Hosts,PHQPJwmpOUM
YTV Sugar Interviews Celebs,QlRXKa5w1PU
YTV 2Badd Interview,AagmwktaQ4o
Health Rock PSA,TGimmCizhKo
Timmy PSA,shWUtMcBNzA
Knights of the Zodiac Short Promo,Nx3L5KMcSqs
