Time,Show,Episode,Youtube Video ID
12:00am,Are You Being Served?,Are You Being Served?,jVqcswbke1k
12:30am,Keeping Up Appearances,Episode 14,5ZW8lsgzLZA
1:00am,"Yes, Minister",Right To Know,91JFYP52Mf0
1:30am,Rocky & Bullwinkle,Episode 86,1Igc5kXHNFE
2:00am,Monster By Mistake,Special Talent,a1jHdplUkOc
2:30am,Rugrats,No Bones About It / Beach Blanket,UUBO-9T83jg
3:00am,Gundam Wing,Betrayed By Home,r87PVoiz0bo
3:30am,Catdog,All About Cat / Trespassing,
4:00am,Hey Arnold!,Helga Sleepwalks / Fighting Families,nNIqAd37zgk
4:30am,Uh Oh!,Episode 76,huqsgJX_CZI
5:00am,Digimon Tamers,Trash Day,VaMIMu9BHVU
5:30am,Pokémon,Beach Blank Out,mDGVc3Sc_H4
6:00am,Babar,Object D'Arthur,BWXZQ_OceoY
6:30am,Rupert,Rupert and The Carousel,Co0TKxkhfy4
7:00am,Stickin Around,Bad News / The Great Race,gypa032hqGM
7:30am,CatDog,Just Say CatDog Sent Ya / Dog's Strange Condition,9Qzrf8aPinU
8:00am,Rugrats,Reptar On Ice / Family Feud,-xlo-qTzC7s
8:30am,Uh Oh,Episode 100,
9:00am,Rupert,Rupert and The Carousel,Co0TKxkhfy4
9:30am,Kitty Cats,Fine Clothes / Huge Feast,EhkN69D697Y
10:00am,St. Bear's Dolls Hospital,The Low Down Snake,LBWqMZ22JS0
10:15am,Beezoo's Attic,The Portrait Session,XD_KnMWMcnA
10:30am,Kleo The Misfit Unicorn,Misfit Artists,7enrUamgRkE
11:00am,Babar,Object D'Arthur,mns4CxbQEFM
11:30am,Anthony Ant,The Sceptre / Weevil,C_aNdVck5SQ
11:52pm,Lisa,The Coin,p2yRhT68ir8
12:00pm,The Jetsons,Jane's Driving Lesson,yalvC7Gw18Y
12:30pm,The Flintstones,The Snorkasaurus Story,pfHDdynP-tE
1:00pm,George & Martha,The Hypnotist / The Sweet Tooth,k0NSqimTTUk
1:30pm,Little Bear,Building a House for Emily/Emily Returns/Little Sherlock Bear,8JTBdknQvkI
2:00pm,Babar,Object D'Arthur,mns4CxbQEFM
2:30pm,Rupert,Rupert and The Carousel,Co0TKxkhfy4
3:00pm,Pinky and the Brain,Pinky & the Fog/Where No Mouse Has Gone Before/Cheese Roll Call,UXGtWK-kTEM
3:30pm,Dexter's Laboratory,Beard to Be Feared/Quackor the Fowl/Ant Pants,jObmnvsHiPs
4:00pm,The Powerpuff Girls,Helter Shelter / Power Lunch,5CDPhfOyt9E
4:30pm,Hey Arnold!,"Monkeyman!/Buses, Bikes, Subways",-jn-GpXhd70
5:00pm,Pokémon,The Misty Mermaid,G7EBiaDe_K0
5:30pm,Digimon,Ultimate Clash,fCQds9xWPE4
6:00pm,Ultimate Book of Spells,Rootopia of All Evil,DX_n-ABH9Vw
6:30pm,Xcalibur,The Slumbering Palace,NkNdiPtpe70
7:00pm,ReBoot,Firewall,ftcsCB8SKQU
7:30pm,Game Over,,I30BdN7teps
8:00pm,Dragon Ball Z,One More Wish,aB0jRVP_Lc0
8:30pm,Freaky Stories,Episode 16,Os0HBqw8TLk
9:00pm,Addams Family: The Series,Morticia's Romance (Part 2),CPVkQwTTWUM
9:30pm,Breaker High,Kissin' Cousins,xBG8yh2LBVA
10:00pm,Radio Active,Miz Atoll Dearest,YWO3FbrMyY8
10:30pm,Student Bodies,The Road Trip,qfpJCdT9wg4
11:00pm,Big Wolf on Campus,Stalk Like An Egyptian,ODtlAH8yOLY
11:30pm,My Family,The Last Resort,4mIfKh76faU
